starter,challenge,iteration
equal,aides,7
equal,tires,7
equal,tiers,7
equal,liers,7
equal,tiles,7
equal,lites,7
equal,liars,7
equal,tines,8
equal,lines,8
equal,liens,7
equal,tides,7
equal,biers,8
equal,cites,7
equal,dines,8
equal,fires,7
equal,wires,7
equal,tiros,7
equal,times,7
equal,limes,7
equal,bites,8
equal,vires,7
equal,viers,7
equal,biles,8
equal,dials,7
equal,kites,7
equal,tikes,7
equal,likes,7
equal,files,7
equal,wiles,7
equal,dimes,7
equal,diems,7
equal,sires,7
equal,bides,8
equal,yipes,7
equal,lives,7
equal,fines,7
equal,wines,8
equal,dikes,7
equal,vines,8
equal,giros,7
equal,sites,7
equal,lints,8
equal,yikes,7
equal,dives,7
equal,wipes,7
equal,nixes,7
equal,gibes,7
equal,vials,7
equal,limos,7
equal,bikes,8
equal,girls,7
equal,nines,8
equal,sines,8
equal,sides,7
equal,kilos,7
equal,vibes,7
equal,gives,7
equal,shoes,7
equal,sound,9
equal,oinks,9
equal,fives,7
equal,views,7
equal,wives,7
equal,thous,7
equal,limns,7
equal,jibes,7
equal,winos,8
equal,tings,10
equal,lings,10
equal,fixes,7
equal,diary,9
equal,kikes,7
equal,links,9
equal,kilns,7
equal,tipsy,7
equal,virus,7
equal,fiefs,7
equal,fifes,7
equal,wises,7
equal,fiery,7
equal,limps,7
equal,silos,7
equal,firms,7
equal,limey,7
equal,jives,7
equal,tools,7
equal,loots,10
equal,sours,7
equal,dings,10
equal,vises,7
equal,ticks,8
equal,licks,8
equal,limbs,7
equal,tills,7
equal,dinks,9
equal,toons,7
equal,finds,7
equal,winds,8
equal,loons,7
equal,sixes,7
equal,didos,7
equal,sizes,7
equal,dishy,9
equal,moors,7
equal,films,7
equal,nicks,8
equal,tints,7
equal,round,9
equal,boors,7
equal,dicks,8
equal,dills,7
equal,situs,7
equal,cools,7
equal,pools,7
equal,gipsy,7
equal,looms,7
equal,cills,7
equal,gimps,7
equal,lisps,7
equal,silly,7
equal,sinus,8
equal,coons,7
equal,boots,7
equal,wispy,7
equal,wimps,7
equal,fishy,7
equal,moons,7
equal,looks,7
equal,foots,8
equal,bills,8
equal,gills,7
equal,fools,7
equal,wools,7
equal,girly,7
equal,moods,7
equal,tikis,7
equal,hoods,7
equal,boons,7
equal,discs,7
equal,goons,7
equal,epees,7
equal,kills,7
equal,zings,7
equal,tiffs,8
equal,jings,8
equal,nooks,7
equal,fills,7
equal,wills,7
equal,goods,7
equal,jinks,7
equal,sings,9
equal,poohs,7
equal,sinks,8
equal,kinks,9
equal,hooey,8
equal,foods,7
equal,woods,7
equal,goosy,7
equal,missy,7
equal,mimsy,7
equal,gooey,7
equal,cooks,7
equal,toots,9
equal,soots,10
equal,fitly,7
equal,dimly,9
equal,hooks,7
equal,kicks,7
equal,sicks,8
equal,hoofs,7
equal,sills,7
equal,wisps,7
equal,books,7
equal,gooks,7
equal,noons,7
equal,found,7
equal,wound,8
equal,jinns,7
equal,woofs,7
equal,zooey,8
equal,limby,7
equal,kiwis,7
equal,shoos,7
equal,filmy,7
equal,tinny,7
equal,sissy,7
equal,zooks,7
equal,dilly,9
equal,bibbs,7
equal,loopy,8
equal,jiffs,7
equal,tippy,7
equal,gimpy,7
equal,lippy,7
equal,hilly,7
equal,wimpy,7
equal,looky,9
equal,nippy,7
equal,wooly,8
equal,cinch,7
equal,witty,7
equal,nooky,9
equal,filly,7
equal,middy,7
equal,ginny,7
equal,giddy,7
equal,goopy,7
equal,hippy,7
equal,boomy,9
equal,tizzy,7
equal,hooky,9
equal,titty,8
equal,gooky,7
equal,doozy,9
equal,civvy,7
equal,dizzy,7
equal,diddy,8
equal,zippy,7
equal,boozy,7
equal,booby,8
equal,woozy,8
equal,kooky,8
equal,fizzy,7
crane,share,7
crane,braes,7
crane,shale,7
crane,shape,7
crane,prats,7
crane,brats,7
crane,suety,7
crane,frats,7
crane,mrads,7
crane,brads,7
crane,prays,8
crane,grads,8
crane,drags,7
crane,crash,7
crane,draws,8
crane,plays,7
crane,frays,7
crane,okays,7
crane,brags,7
crane,rusty,7
crane,grope,7
crane,flays,7
crane,roots,8
crane,rolls,10
crane,crass,7
crane,lusty,7
crane,grass,7
crane,nutsy,7
crane,doors,8
crane,roods,8
crane,loots,8
crane,erode,7
crane,rumps,8
crane,stays,7
crane,slays,7
crane,scans,7
crane,rooms,8
crane,musty,7
crane,lumps,8
crane,boors,8
crane,muley,7
crane,busty,7
crane,rooks,9
crane,gutsy,7
crane,gusty,7
crane,sooty,8
crane,loops,8
crane,roofs,8
crane,sulky,7
crane,hoots,8
crane,cramp,7
crane,looms,8
crane,molls,7
crane,boots,8
crane,bolls,8
crane,query,7
crane,runty,7
crane,nulls,11
crane,jowls,7
crane,looks,9
crane,foots,8
crane,pushy,7
crane,dooms,8
crane,hoods,8
crane,aways,7
crane,sways,7
crane,mushy,7
crane,nooks,9
crane,goods,7
crane,purty,7
crane,bushy,7
crane,gushy,7
crane,sully,7
crane,hoops,8
crane,hooey,8
crane,musky,7
crane,foods,8
crane,woods,8
crane,goosy,8
crane,gooey,8
crane,bulls,7
crane,gulls,8
crane,booms,8
crane,soots,8
crane,rooty,8
crane,lolls,9
crane,hooks,9
crane,sudsy,7
crane,fulls,9
crane,hoofs,8
crane,shahs,7
crane,noons,7
crane,pussy,7
crane,pumps,7
crane,mumps,8
crane,sumps,8
crane,mussy,7
crane,woofs,7
crane,zooey,8
crane,zooms,8
crane,poops,8
crane,rutty,7
crane,lulls,10
crane,murky,7
crane,dolly,10
crane,lumpy,7
crane,zooks,7
crane,boobs,8
crane,kooks,8
crane,rooky,8
crane,lucky,7
crane,ruddy,7
crane,bulgy,7
crane,booty,8
crane,punky,7
crane,nutty,7
crane,bulky,7
crane,mungy,7
crane,pudgy,7
crane,looky,8
crane,folly,7
crane,moody,8
crane,burry,7
crane,gunky,7
crane,nooky,8
crane,goody,8
crane,putty,7
crane,mucky,7
crane,woody,7
crane,jolly,8
crane,gutty,7
crane,totty,7
crane,lolly,9
crane,hooky,8
crane,muddy,7
crane,junky,7
crane,gooky,8
crane,buddy,7
crane,goofy,8
crane,yucky,7
crane,muggy,7
crane,puffy,7
crane,buggy,7
crane,booby,8
crane,kooky,7
